{"cameraMode":{"drawMode":0,"name":"Shaded","section":"Shading Mode"},"sceneLighting":false,"audioPlay":false,"sceneViewState":{"m_AlwaysRefresh":true,"showFog":true,"showSkybox":false,"showFlares":true,"showImageEffects":true,"showParticleSystems":true,"showVisualEffectGraphs":true,"m_FxEnabled":true},"in2DMode":false,"pivot":{"x":-0.023119568824768068,"y":0.06688326597213745,"z":-0.10259020328521729},"rotation":{"x":-0.16193261742591859,"y":-0.6347540020942688,"z":0.13956691324710847,"w":-0.7428001165390015},"size":1.7761658430099488,"orthographic":false}