{"cameraMode":{"drawMode":0,"name":"Shaded","section":"Shading Mode"},"sceneLighting":false,"audioPlay":false,"sceneViewState":{"m_AlwaysRefresh":false,"showFog":true,"showSkybox":false,"showFlares":true,"showImageEffects":true,"showParticleSystems":true,"showVisualEffectGraphs":true,"m_FxEnabled":false},"in2DMode":false,"pivot":{"x":6.032394886016846,"y":0.6429240107536316,"z":7.2411956787109379},"rotation":{"x":-0.18525448441505433,"y":0.26854318380355837,"z":-0.052678197622299197,"w":-0.9438859224319458},"size":0.5991954803466797,"orthographic":false}