{"cameraMode":{"drawMode":0,"name":"Shaded","section":"Shading Mode"},"sceneLighting":false,"audioPlay":false,"sceneViewState":{"m_AlwaysRefresh":true,"showFog":true,"showSkybox":false,"showFlares":true,"showImageEffects":true,"showParticleSystems":true,"showVisualEffectGraphs":true,"m_FxEnabled":true},"in2DMode":false,"pivot":{"x":1.8378101587295533,"y":-0.8864761590957642,"z":-0.058368708938360217},"rotation":{"x":-0.16193261742591859,"y":-0.6347540020942688,"z":0.13956691324710847,"w":-0.7428001165390015},"size":1.2628812789916993,"orthographic":false}