{"cameraMode":{"drawMode":0,"name":"Shaded","section":"Shading Mode"},"sceneLighting":false,"audioPlay":false,"sceneViewState":{"m_AlwaysRefresh":true,"showFog":true,"showSkybox":false,"showFlares":true,"showImageEffects":true,"showParticleSystems":true,"showVisualEffectGraphs":true,"m_FxEnabled":true},"in2DMode":false,"pivot":{"x":0.9945075511932373,"y":0.22527095675468446,"z":0.02438446693122387},"rotation":{"x":-0.06317663192749024,"y":0.46251803636550906,"z":-0.03059358522295952,"w":-0.8841120004653931},"size":0.36412450671195986,"orthographic":false}