{"cameraMode":{"drawMode":0,"name":"Shaded","section":"Shading Mode"},"sceneLighting":false,"audioPlay":false,"sceneViewState":{"m_AlwaysRefresh":true,"showFog":true,"showSkybox":false,"showFlares":true,"showImageEffects":true,"showParticleSystems":true,"showVisualEffectGraphs":true,"m_FxEnabled":true},"in2DMode":false,"pivot":{"x":-0.028393685817718507,"y":0.06982868909835816,"z":-0.02912139892578125},"rotation":{"x":-0.17193138599395753,"y":-0.7960468530654907,"z":0.2673358917236328,"w":-0.5154080986976624},"size":0.5656729936599731,"orthographic":false}